{"transformers::12": 1776463705.7788277, "attention is all you need::12": 1776436473.5927453, "retrieval augmented generation::12": 1776436854.182756, "machine learning::12": 1776463985.1874886, "machine learning: a probabilistic perspective::12": 1776464111.3296387, "transformers::200": 1776464959.6469536, "large language models::200": 1776465605.8919373}